"","State","Industry","Series ID","Month","Turnover"
"1","Victoria","Takeaway food services","A3349566A",1982 Apr,48.7
"2","Victoria","Takeaway food services","A3349566A",1982 May,48.9
"3","Victoria","Takeaway food services","A3349566A",1982 Jun,47.1
"4","Victoria","Takeaway food services","A3349566A",1982 Jul,47.5
"5","Victoria","Takeaway food services","A3349566A",1982 Aug,49.3
"6","Victoria","Takeaway food services","A3349566A",1982 Sep,50.7
"7","Victoria","Takeaway food services","A3349566A",1982 Oct,54.1
"8","Victoria","Takeaway food services","A3349566A",1982 Nov,57.3
"9","Victoria","Takeaway food services","A3349566A",1982 Dec,64.1
"10","Victoria","Takeaway food services","A3349566A",1983 Jan,57.7
"11","Victoria","Takeaway food services","A3349566A",1983 Feb,50.2
"12","Victoria","Takeaway food services","A3349566A",1983 Mar,55
"13","Victoria","Takeaway food services","A3349566A",1983 Apr,50.2
"14","Victoria","Takeaway food services","A3349566A",1983 May,52.7
"15","Victoria","Takeaway food services","A3349566A",1983 Jun,46.4
"16","Victoria","Takeaway food services","A3349566A",1983 Jul,49.8
"17","Victoria","Takeaway food services","A3349566A",1983 Aug,53.3
"18","Victoria","Takeaway food services","A3349566A",1983 Sep,54
"19","Victoria","Takeaway food services","A3349566A",1983 Oct,53.1
"20","Victoria","Takeaway food services","A3349566A",1983 Nov,53.9
"21","Victoria","Takeaway food services","A3349566A",1983 Dec,63.3
"22","Victoria","Takeaway food services","A3349566A",1984 Jan,54.2
"23","Victoria","Takeaway food services","A3349566A",1984 Feb,54.8
"24","Victoria","Takeaway food services","A3349566A",1984 Mar,56.4
"25","Victoria","Takeaway food services","A3349566A",1984 Apr,53
"26","Victoria","Takeaway food services","A3349566A",1984 May,57.3
"27","Victoria","Takeaway food services","A3349566A",1984 Jun,51.4
"28","Victoria","Takeaway food services","A3349566A",1984 Jul,52
"29","Victoria","Takeaway food services","A3349566A",1984 Aug,51.4
"30","Victoria","Takeaway food services","A3349566A",1984 Sep,50.5
"31","Victoria","Takeaway food services","A3349566A",1984 Oct,52.5
"32","Victoria","Takeaway food services","A3349566A",1984 Nov,55.5
"33","Victoria","Takeaway food services","A3349566A",1984 Dec,58.6
"34","Victoria","Takeaway food services","A3349566A",1985 Jan,52.5
"35","Victoria","Takeaway food services","A3349566A",1985 Feb,50.6
"36","Victoria","Takeaway food services","A3349566A",1985 Mar,51.3
"37","Victoria","Takeaway food services","A3349566A",1985 Apr,55.9
"38","Victoria","Takeaway food services","A3349566A",1985 May,56
"39","Victoria","Takeaway food services","A3349566A",1985 Jun,49.7
"40","Victoria","Takeaway food services","A3349566A",1985 Jul,52.1
"41","Victoria","Takeaway food services","A3349566A",1985 Aug,56.4
"42","Victoria","Takeaway food services","A3349566A",1985 Sep,56
"43","Victoria","Takeaway food services","A3349566A",1985 Oct,59.6
"44","Victoria","Takeaway food services","A3349566A",1985 Nov,59.4
"45","Victoria","Takeaway food services","A3349566A",1985 Dec,62.8
"46","Victoria","Takeaway food services","A3349566A",1986 Jan,64.1
"47","Victoria","Takeaway food services","A3349566A",1986 Feb,57.2
"48","Victoria","Takeaway food services","A3349566A",1986 Mar,61.2
"49","Victoria","Takeaway food services","A3349566A",1986 Apr,58.3
"50","Victoria","Takeaway food services","A3349566A",1986 May,61.5
"51","Victoria","Takeaway food services","A3349566A",1986 Jun,57.9
"52","Victoria","Takeaway food services","A3349566A",1986 Jul,65.9
"53","Victoria","Takeaway food services","A3349566A",1986 Aug,72
"54","Victoria","Takeaway food services","A3349566A",1986 Sep,71.7
"55","Victoria","Takeaway food services","A3349566A",1986 Oct,77.1
"56","Victoria","Takeaway food services","A3349566A",1986 Nov,75.6
"57","Victoria","Takeaway food services","A3349566A",1986 Dec,82
"58","Victoria","Takeaway food services","A3349566A",1987 Jan,83.5
"59","Victoria","Takeaway food services","A3349566A",1987 Feb,76.2
"60","Victoria","Takeaway food services","A3349566A",1987 Mar,77.9
"61","Victoria","Takeaway food services","A3349566A",1987 Apr,83
"62","Victoria","Takeaway food services","A3349566A",1987 May,83.1
"63","Victoria","Takeaway food services","A3349566A",1987 Jun,81.8
"64","Victoria","Takeaway food services","A3349566A",1987 Jul,85.1
"65","Victoria","Takeaway food services","A3349566A",1987 Aug,85
"66","Victoria","Takeaway food services","A3349566A",1987 Sep,85.7
"67","Victoria","Takeaway food services","A3349566A",1987 Oct,90.9
"68","Victoria","Takeaway food services","A3349566A",1987 Nov,87.4
"69","Victoria","Takeaway food services","A3349566A",1987 Dec,103.2
"70","Victoria","Takeaway food services","A3349566A",1988 Jan,87.4
"71","Victoria","Takeaway food services","A3349566A",1988 Feb,87.7
"72","Victoria","Takeaway food services","A3349566A",1988 Mar,92.5
"73","Victoria","Takeaway food services","A3349566A",1988 Apr,95.3
"74","Victoria","Takeaway food services","A3349566A",1988 May,88.8
"75","Victoria","Takeaway food services","A3349566A",1988 Jun,90.3
"76","Victoria","Takeaway food services","A3349566A",1988 Jul,85.5
"77","Victoria","Takeaway food services","A3349566A",1988 Aug,91.2
"78","Victoria","Takeaway food services","A3349566A",1988 Sep,98.4
"79","Victoria","Takeaway food services","A3349566A",1988 Oct,99.1
"80","Victoria","Takeaway food services","A3349566A",1988 Nov,104.9
"81","Victoria","Takeaway food services","A3349566A",1988 Dec,108.4
"82","Victoria","Takeaway food services","A3349566A",1989 Jan,96.1
"83","Victoria","Takeaway food services","A3349566A",1989 Feb,96.6
"84","Victoria","Takeaway food services","A3349566A",1989 Mar,97.5
"85","Victoria","Takeaway food services","A3349566A",1989 Apr,98.5
"86","Victoria","Takeaway food services","A3349566A",1989 May,97.5
"87","Victoria","Takeaway food services","A3349566A",1989 Jun,94.4
"88","Victoria","Takeaway food services","A3349566A",1989 Jul,93.7
"89","Victoria","Takeaway food services","A3349566A",1989 Aug,90.2
"90","Victoria","Takeaway food services","A3349566A",1989 Sep,96.3
"91","Victoria","Takeaway food services","A3349566A",1989 Oct,111.9
"92","Victoria","Takeaway food services","A3349566A",1989 Nov,111.8
"93","Victoria","Takeaway food services","A3349566A",1989 Dec,118.5
"94","Victoria","Takeaway food services","A3349566A",1990 Jan,106.9
"95","Victoria","Takeaway food services","A3349566A",1990 Feb,95.4
"96","Victoria","Takeaway food services","A3349566A",1990 Mar,100.2
"97","Victoria","Takeaway food services","A3349566A",1990 Apr,95
"98","Victoria","Takeaway food services","A3349566A",1990 May,92.6
"99","Victoria","Takeaway food services","A3349566A",1990 Jun,97.3
"100","Victoria","Takeaway food services","A3349566A",1990 Jul,98.1
"101","Victoria","Takeaway food services","A3349566A",1990 Aug,97.6
"102","Victoria","Takeaway food services","A3349566A",1990 Sep,90.3
"103","Victoria","Takeaway food services","A3349566A",1990 Oct,94
"104","Victoria","Takeaway food services","A3349566A",1990 Nov,94.9
"105","Victoria","Takeaway food services","A3349566A",1990 Dec,116
"106","Victoria","Takeaway food services","A3349566A",1991 Jan,103.6
"107","Victoria","Takeaway food services","A3349566A",1991 Feb,87
"108","Victoria","Takeaway food services","A3349566A",1991 Mar,95.9
"109","Victoria","Takeaway food services","A3349566A",1991 Apr,94.2
"110","Victoria","Takeaway food services","A3349566A",1991 May,98
"111","Victoria","Takeaway food services","A3349566A",1991 Jun,98.1
"112","Victoria","Takeaway food services","A3349566A",1991 Jul,96.7
"113","Victoria","Takeaway food services","A3349566A",1991 Aug,98
"114","Victoria","Takeaway food services","A3349566A",1991 Sep,98.6
"115","Victoria","Takeaway food services","A3349566A",1991 Oct,104.2
"116","Victoria","Takeaway food services","A3349566A",1991 Nov,106
"117","Victoria","Takeaway food services","A3349566A",1991 Dec,137.2
"118","Victoria","Takeaway food services","A3349566A",1992 Jan,110
"119","Victoria","Takeaway food services","A3349566A",1992 Feb,107.4
"120","Victoria","Takeaway food services","A3349566A",1992 Mar,116.5
"121","Victoria","Takeaway food services","A3349566A",1992 Apr,116.8
"122","Victoria","Takeaway food services","A3349566A",1992 May,117.2
"123","Victoria","Takeaway food services","A3349566A",1992 Jun,93.1
"124","Victoria","Takeaway food services","A3349566A",1992 Jul,100
"125","Victoria","Takeaway food services","A3349566A",1992 Aug,97.3
"126","Victoria","Takeaway food services","A3349566A",1992 Sep,104.1
"127","Victoria","Takeaway food services","A3349566A",1992 Oct,106.2
"128","Victoria","Takeaway food services","A3349566A",1992 Nov,107.8
"129","Victoria","Takeaway food services","A3349566A",1992 Dec,129.8
"130","Victoria","Takeaway food services","A3349566A",1993 Jan,118.4
"131","Victoria","Takeaway food services","A3349566A",1993 Feb,102.7
"132","Victoria","Takeaway food services","A3349566A",1993 Mar,104.4
"133","Victoria","Takeaway food services","A3349566A",1993 Apr,105
"134","Victoria","Takeaway food services","A3349566A",1993 May,103.1
"135","Victoria","Takeaway food services","A3349566A",1993 Jun,98.4
"136","Victoria","Takeaway food services","A3349566A",1993 Jul,106.5
"137","Victoria","Takeaway food services","A3349566A",1993 Aug,101.9
"138","Victoria","Takeaway food services","A3349566A",1993 Sep,101.3
"139","Victoria","Takeaway food services","A3349566A",1993 Oct,99.6
"140","Victoria","Takeaway food services","A3349566A",1993 Nov,101.5
"141","Victoria","Takeaway food services","A3349566A",1993 Dec,123.7
"142","Victoria","Takeaway food services","A3349566A",1994 Jan,111.2
"143","Victoria","Takeaway food services","A3349566A",1994 Feb,103.2
"144","Victoria","Takeaway food services","A3349566A",1994 Mar,102.8
"145","Victoria","Takeaway food services","A3349566A",1994 Apr,94.5
"146","Victoria","Takeaway food services","A3349566A",1994 May,93.5
"147","Victoria","Takeaway food services","A3349566A",1994 Jun,97.1
"148","Victoria","Takeaway food services","A3349566A",1994 Jul,104.1
"149","Victoria","Takeaway food services","A3349566A",1994 Aug,101.5
"150","Victoria","Takeaway food services","A3349566A",1994 Sep,107.7
"151","Victoria","Takeaway food services","A3349566A",1994 Oct,119.3
"152","Victoria","Takeaway food services","A3349566A",1994 Nov,118.5
"153","Victoria","Takeaway food services","A3349566A",1994 Dec,136.7
"154","Victoria","Takeaway food services","A3349566A",1995 Jan,126.5
"155","Victoria","Takeaway food services","A3349566A",1995 Feb,113.2
"156","Victoria","Takeaway food services","A3349566A",1995 Mar,126
"157","Victoria","Takeaway food services","A3349566A",1995 Apr,128.1
"158","Victoria","Takeaway food services","A3349566A",1995 May,122.4
"159","Victoria","Takeaway food services","A3349566A",1995 Jun,120.7
"160","Victoria","Takeaway food services","A3349566A",1995 Jul,127.2
"161","Victoria","Takeaway food services","A3349566A",1995 Aug,130.7
"162","Victoria","Takeaway food services","A3349566A",1995 Sep,132.9
"163","Victoria","Takeaway food services","A3349566A",1995 Oct,140
"164","Victoria","Takeaway food services","A3349566A",1995 Nov,136.4
"165","Victoria","Takeaway food services","A3349566A",1995 Dec,151.1
"166","Victoria","Takeaway food services","A3349566A",1996 Jan,143.2
"167","Victoria","Takeaway food services","A3349566A",1996 Feb,131.2
"168","Victoria","Takeaway food services","A3349566A",1996 Mar,141.2
"169","Victoria","Takeaway food services","A3349566A",1996 Apr,140.4
"170","Victoria","Takeaway food services","A3349566A",1996 May,137
"171","Victoria","Takeaway food services","A3349566A",1996 Jun,127.9
"172","Victoria","Takeaway food services","A3349566A",1996 Jul,128.9
"173","Victoria","Takeaway food services","A3349566A",1996 Aug,130.2
"174","Victoria","Takeaway food services","A3349566A",1996 Sep,123.5
"175","Victoria","Takeaway food services","A3349566A",1996 Oct,126.2
"176","Victoria","Takeaway food services","A3349566A",1996 Nov,130.9
"177","Victoria","Takeaway food services","A3349566A",1996 Dec,137.9
"178","Victoria","Takeaway food services","A3349566A",1997 Jan,141.9
"179","Victoria","Takeaway food services","A3349566A",1997 Feb,127.5
"180","Victoria","Takeaway food services","A3349566A",1997 Mar,135.6
"181","Victoria","Takeaway food services","A3349566A",1997 Apr,142
"182","Victoria","Takeaway food services","A3349566A",1997 May,144.3
"183","Victoria","Takeaway food services","A3349566A",1997 Jun,135.1
"184","Victoria","Takeaway food services","A3349566A",1997 Jul,129.1
"185","Victoria","Takeaway food services","A3349566A",1997 Aug,124
"186","Victoria","Takeaway food services","A3349566A",1997 Sep,124.7
"187","Victoria","Takeaway food services","A3349566A",1997 Oct,122.7
"188","Victoria","Takeaway food services","A3349566A",1997 Nov,122.6
"189","Victoria","Takeaway food services","A3349566A",1997 Dec,131.1
"190","Victoria","Takeaway food services","A3349566A",1998 Jan,124.9
"191","Victoria","Takeaway food services","A3349566A",1998 Feb,114.6
"192","Victoria","Takeaway food services","A3349566A",1998 Mar,119.5
"193","Victoria","Takeaway food services","A3349566A",1998 Apr,108.8
"194","Victoria","Takeaway food services","A3349566A",1998 May,110.3
"195","Victoria","Takeaway food services","A3349566A",1998 Jun,105.1
"196","Victoria","Takeaway food services","A3349566A",1998 Jul,115.4
"197","Victoria","Takeaway food services","A3349566A",1998 Aug,113.9
"198","Victoria","Takeaway food services","A3349566A",1998 Sep,110.5
"199","Victoria","Takeaway food services","A3349566A",1998 Oct,121.4
"200","Victoria","Takeaway food services","A3349566A",1998 Nov,116.8
"201","Victoria","Takeaway food services","A3349566A",1998 Dec,124.1
"202","Victoria","Takeaway food services","A3349566A",1999 Jan,117.6
"203","Victoria","Takeaway food services","A3349566A",1999 Feb,109.4
"204","Victoria","Takeaway food services","A3349566A",1999 Mar,121.4
"205","Victoria","Takeaway food services","A3349566A",1999 Apr,115.5
"206","Victoria","Takeaway food services","A3349566A",1999 May,116.6
"207","Victoria","Takeaway food services","A3349566A",1999 Jun,115.3
"208","Victoria","Takeaway food services","A3349566A",1999 Jul,118.3
"209","Victoria","Takeaway food services","A3349566A",1999 Aug,120.4
"210","Victoria","Takeaway food services","A3349566A",1999 Sep,117.1
"211","Victoria","Takeaway food services","A3349566A",1999 Oct,125.8
"212","Victoria","Takeaway food services","A3349566A",1999 Nov,132.2
"213","Victoria","Takeaway food services","A3349566A",1999 Dec,141.2
"214","Victoria","Takeaway food services","A3349566A",2000 Jan,128.5
"215","Victoria","Takeaway food services","A3349566A",2000 Feb,106
"216","Victoria","Takeaway food services","A3349566A",2000 Mar,114.2
"217","Victoria","Takeaway food services","A3349566A",2000 Apr,100.9
"218","Victoria","Takeaway food services","A3349566A",2000 May,101.2
"219","Victoria","Takeaway food services","A3349566A",2000 Jun,98.6
"220","Victoria","Takeaway food services","A3349566A",2000 Jul,107
"221","Victoria","Takeaway food services","A3349566A",2000 Aug,105.1
"222","Victoria","Takeaway food services","A3349566A",2000 Sep,104.5
"223","Victoria","Takeaway food services","A3349566A",2000 Oct,118.7
"224","Victoria","Takeaway food services","A3349566A",2000 Nov,124.5
"225","Victoria","Takeaway food services","A3349566A",2000 Dec,134.4
"226","Victoria","Takeaway food services","A3349566A",2001 Jan,135.7
"227","Victoria","Takeaway food services","A3349566A",2001 Feb,120.4
"228","Victoria","Takeaway food services","A3349566A",2001 Mar,135.4
"229","Victoria","Takeaway food services","A3349566A",2001 Apr,136.7
"230","Victoria","Takeaway food services","A3349566A",2001 May,128.8
"231","Victoria","Takeaway food services","A3349566A",2001 Jun,126.4
"232","Victoria","Takeaway food services","A3349566A",2001 Jul,129
"233","Victoria","Takeaway food services","A3349566A",2001 Aug,131.7
"234","Victoria","Takeaway food services","A3349566A",2001 Sep,130.3
"235","Victoria","Takeaway food services","A3349566A",2001 Oct,132.7
"236","Victoria","Takeaway food services","A3349566A",2001 Nov,133.7
"237","Victoria","Takeaway food services","A3349566A",2001 Dec,142.2
"238","Victoria","Takeaway food services","A3349566A",2002 Jan,147.1
"239","Victoria","Takeaway food services","A3349566A",2002 Feb,128.9
"240","Victoria","Takeaway food services","A3349566A",2002 Mar,141.3
"241","Victoria","Takeaway food services","A3349566A",2002 Apr,141.9
"242","Victoria","Takeaway food services","A3349566A",2002 May,140.1
"243","Victoria","Takeaway food services","A3349566A",2002 Jun,137.6
"244","Victoria","Takeaway food services","A3349566A",2002 Jul,158.8
"245","Victoria","Takeaway food services","A3349566A",2002 Aug,152.9
"246","Victoria","Takeaway food services","A3349566A",2002 Sep,155.1
"247","Victoria","Takeaway food services","A3349566A",2002 Oct,150.3
"248","Victoria","Takeaway food services","A3349566A",2002 Nov,153.5
"249","Victoria","Takeaway food services","A3349566A",2002 Dec,160.3
"250","Victoria","Takeaway food services","A3349566A",2003 Jan,160.3
"251","Victoria","Takeaway food services","A3349566A",2003 Feb,139.1
"252","Victoria","Takeaway food services","A3349566A",2003 Mar,151.2
"253","Victoria","Takeaway food services","A3349566A",2003 Apr,152
"254","Victoria","Takeaway food services","A3349566A",2003 May,153.7
"255","Victoria","Takeaway food services","A3349566A",2003 Jun,151.3
"256","Victoria","Takeaway food services","A3349566A",2003 Jul,160.7
"257","Victoria","Takeaway food services","A3349566A",2003 Aug,148.6
"258","Victoria","Takeaway food services","A3349566A",2003 Sep,149.7
"259","Victoria","Takeaway food services","A3349566A",2003 Oct,149.3
"260","Victoria","Takeaway food services","A3349566A",2003 Nov,147.3
"261","Victoria","Takeaway food services","A3349566A",2003 Dec,157.1
"262","Victoria","Takeaway food services","A3349566A",2004 Jan,149.4
"263","Victoria","Takeaway food services","A3349566A",2004 Feb,139.9
"264","Victoria","Takeaway food services","A3349566A",2004 Mar,147.8
"265","Victoria","Takeaway food services","A3349566A",2004 Apr,156.2
"266","Victoria","Takeaway food services","A3349566A",2004 May,150.8
"267","Victoria","Takeaway food services","A3349566A",2004 Jun,143.6
"268","Victoria","Takeaway food services","A3349566A",2004 Jul,163.1
"269","Victoria","Takeaway food services","A3349566A",2004 Aug,162.5
"270","Victoria","Takeaway food services","A3349566A",2004 Sep,170.6
"271","Victoria","Takeaway food services","A3349566A",2004 Oct,161.1
"272","Victoria","Takeaway food services","A3349566A",2004 Nov,157.5
"273","Victoria","Takeaway food services","A3349566A",2004 Dec,167
"274","Victoria","Takeaway food services","A3349566A",2005 Jan,162.2
"275","Victoria","Takeaway food services","A3349566A",2005 Feb,151
"276","Victoria","Takeaway food services","A3349566A",2005 Mar,162.1
"277","Victoria","Takeaway food services","A3349566A",2005 Apr,171.5
"278","Victoria","Takeaway food services","A3349566A",2005 May,170.4
"279","Victoria","Takeaway food services","A3349566A",2005 Jun,164.7
"280","Victoria","Takeaway food services","A3349566A",2005 Jul,181.7
"281","Victoria","Takeaway food services","A3349566A",2005 Aug,180.7
"282","Victoria","Takeaway food services","A3349566A",2005 Sep,178.1
"283","Victoria","Takeaway food services","A3349566A",2005 Oct,186.7
"284","Victoria","Takeaway food services","A3349566A",2005 Nov,182
"285","Victoria","Takeaway food services","A3349566A",2005 Dec,197.5
"286","Victoria","Takeaway food services","A3349566A",2006 Jan,173.3
"287","Victoria","Takeaway food services","A3349566A",2006 Feb,159
"288","Victoria","Takeaway food services","A3349566A",2006 Mar,179.4
"289","Victoria","Takeaway food services","A3349566A",2006 Apr,186.2
"290","Victoria","Takeaway food services","A3349566A",2006 May,182.8
"291","Victoria","Takeaway food services","A3349566A",2006 Jun,184.8
"292","Victoria","Takeaway food services","A3349566A",2006 Jul,183.1
"293","Victoria","Takeaway food services","A3349566A",2006 Aug,191
"294","Victoria","Takeaway food services","A3349566A",2006 Sep,188.5
"295","Victoria","Takeaway food services","A3349566A",2006 Oct,187.5
"296","Victoria","Takeaway food services","A3349566A",2006 Nov,186.1
"297","Victoria","Takeaway food services","A3349566A",2006 Dec,198.5
"298","Victoria","Takeaway food services","A3349566A",2007 Jan,191
"299","Victoria","Takeaway food services","A3349566A",2007 Feb,183.1
"300","Victoria","Takeaway food services","A3349566A",2007 Mar,204.6
"301","Victoria","Takeaway food services","A3349566A",2007 Apr,208.6
"302","Victoria","Takeaway food services","A3349566A",2007 May,200.4
"303","Victoria","Takeaway food services","A3349566A",2007 Jun,193.7
"304","Victoria","Takeaway food services","A3349566A",2007 Jul,200.7
"305","Victoria","Takeaway food services","A3349566A",2007 Aug,211.7
"306","Victoria","Takeaway food services","A3349566A",2007 Sep,203.4
"307","Victoria","Takeaway food services","A3349566A",2007 Oct,203
"308","Victoria","Takeaway food services","A3349566A",2007 Nov,196.9
"309","Victoria","Takeaway food services","A3349566A",2007 Dec,206.9
"310","Victoria","Takeaway food services","A3349566A",2008 Jan,205.4
"311","Victoria","Takeaway food services","A3349566A",2008 Feb,200.8
"312","Victoria","Takeaway food services","A3349566A",2008 Mar,210.9
"313","Victoria","Takeaway food services","A3349566A",2008 Apr,203.1
"314","Victoria","Takeaway food services","A3349566A",2008 May,214.3
"315","Victoria","Takeaway food services","A3349566A",2008 Jun,202.2
"316","Victoria","Takeaway food services","A3349566A",2008 Jul,208.7
"317","Victoria","Takeaway food services","A3349566A",2008 Aug,215.2
"318","Victoria","Takeaway food services","A3349566A",2008 Sep,209
"319","Victoria","Takeaway food services","A3349566A",2008 Oct,221.5
"320","Victoria","Takeaway food services","A3349566A",2008 Nov,221.7
"321","Victoria","Takeaway food services","A3349566A",2008 Dec,219.5
"322","Victoria","Takeaway food services","A3349566A",2009 Jan,225.4
"323","Victoria","Takeaway food services","A3349566A",2009 Feb,217.2
"324","Victoria","Takeaway food services","A3349566A",2009 Mar,239
"325","Victoria","Takeaway food services","A3349566A",2009 Apr,245.5
"326","Victoria","Takeaway food services","A3349566A",2009 May,245.9
"327","Victoria","Takeaway food services","A3349566A",2009 Jun,236.1
"328","Victoria","Takeaway food services","A3349566A",2009 Jul,251.7
"329","Victoria","Takeaway food services","A3349566A",2009 Aug,278
"330","Victoria","Takeaway food services","A3349566A",2009 Sep,264.9
"331","Victoria","Takeaway food services","A3349566A",2009 Oct,299.8
"332","Victoria","Takeaway food services","A3349566A",2009 Nov,299.4
"333","Victoria","Takeaway food services","A3349566A",2009 Dec,340.3
"334","Victoria","Takeaway food services","A3349566A",2010 Jan,284.8
"335","Victoria","Takeaway food services","A3349566A",2010 Feb,275.4
"336","Victoria","Takeaway food services","A3349566A",2010 Mar,312
"337","Victoria","Takeaway food services","A3349566A",2010 Apr,300.8
"338","Victoria","Takeaway food services","A3349566A",2010 May,302.6
"339","Victoria","Takeaway food services","A3349566A",2010 Jun,301.7
"340","Victoria","Takeaway food services","A3349566A",2010 Jul,315.2
"341","Victoria","Takeaway food services","A3349566A",2010 Aug,315.2
"342","Victoria","Takeaway food services","A3349566A",2010 Sep,294.6
"343","Victoria","Takeaway food services","A3349566A",2010 Oct,301.1
"344","Victoria","Takeaway food services","A3349566A",2010 Nov,298.9
"345","Victoria","Takeaway food services","A3349566A",2010 Dec,336.1
"346","Victoria","Takeaway food services","A3349566A",2011 Jan,273.5
"347","Victoria","Takeaway food services","A3349566A",2011 Feb,257.4
"348","Victoria","Takeaway food services","A3349566A",2011 Mar,301
"349","Victoria","Takeaway food services","A3349566A",2011 Apr,309.6
"350","Victoria","Takeaway food services","A3349566A",2011 May,308.9
"351","Victoria","Takeaway food services","A3349566A",2011 Jun,294.7
"352","Victoria","Takeaway food services","A3349566A",2011 Jul,324.3
"353","Victoria","Takeaway food services","A3349566A",2011 Aug,312.9
"354","Victoria","Takeaway food services","A3349566A",2011 Sep,308.4
"355","Victoria","Takeaway food services","A3349566A",2011 Oct,312.4
"356","Victoria","Takeaway food services","A3349566A",2011 Nov,308.1
"357","Victoria","Takeaway food services","A3349566A",2011 Dec,339
"358","Victoria","Takeaway food services","A3349566A",2012 Jan,284.4
"359","Victoria","Takeaway food services","A3349566A",2012 Feb,276.5
"360","Victoria","Takeaway food services","A3349566A",2012 Mar,310.1
"361","Victoria","Takeaway food services","A3349566A",2012 Apr,297.7
"362","Victoria","Takeaway food services","A3349566A",2012 May,314.8
"363","Victoria","Takeaway food services","A3349566A",2012 Jun,321.5
"364","Victoria","Takeaway food services","A3349566A",2012 Jul,304.9
"365","Victoria","Takeaway food services","A3349566A",2012 Aug,301.1
"366","Victoria","Takeaway food services","A3349566A",2012 Sep,295
"367","Victoria","Takeaway food services","A3349566A",2012 Oct,308.7
"368","Victoria","Takeaway food services","A3349566A",2012 Nov,316.7
"369","Victoria","Takeaway food services","A3349566A",2012 Dec,333.4
"370","Victoria","Takeaway food services","A3349566A",2013 Jan,287.8
"371","Victoria","Takeaway food services","A3349566A",2013 Feb,262.2
"372","Victoria","Takeaway food services","A3349566A",2013 Mar,301.8
"373","Victoria","Takeaway food services","A3349566A",2013 Apr,286.9
"374","Victoria","Takeaway food services","A3349566A",2013 May,283.9
"375","Victoria","Takeaway food services","A3349566A",2013 Jun,282
"376","Victoria","Takeaway food services","A3349566A",2013 Jul,282
"377","Victoria","Takeaway food services","A3349566A",2013 Aug,289.3
"378","Victoria","Takeaway food services","A3349566A",2013 Sep,276
"379","Victoria","Takeaway food services","A3349566A",2013 Oct,288.1
"380","Victoria","Takeaway food services","A3349566A",2013 Nov,292.9
"381","Victoria","Takeaway food services","A3349566A",2013 Dec,326.9
"382","Victoria","Takeaway food services","A3349566A",2014 Jan,288.3
"383","Victoria","Takeaway food services","A3349566A",2014 Feb,250.1
"384","Victoria","Takeaway food services","A3349566A",2014 Mar,274.3
"385","Victoria","Takeaway food services","A3349566A",2014 Apr,281.4
"386","Victoria","Takeaway food services","A3349566A",2014 May,291.8
"387","Victoria","Takeaway food services","A3349566A",2014 Jun,294
"388","Victoria","Takeaway food services","A3349566A",2014 Jul,320.6
"389","Victoria","Takeaway food services","A3349566A",2014 Aug,314.5
"390","Victoria","Takeaway food services","A3349566A",2014 Sep,316.3
"391","Victoria","Takeaway food services","A3349566A",2014 Oct,321
"392","Victoria","Takeaway food services","A3349566A",2014 Nov,323.3
"393","Victoria","Takeaway food services","A3349566A",2014 Dec,336.6
"394","Victoria","Takeaway food services","A3349566A",2015 Jan,310.4
"395","Victoria","Takeaway food services","A3349566A",2015 Feb,267.1
"396","Victoria","Takeaway food services","A3349566A",2015 Mar,282.2
"397","Victoria","Takeaway food services","A3349566A",2015 Apr,281.2
"398","Victoria","Takeaway food services","A3349566A",2015 May,281.1
"399","Victoria","Takeaway food services","A3349566A",2015 Jun,276.8
"400","Victoria","Takeaway food services","A3349566A",2015 Jul,293
"401","Victoria","Takeaway food services","A3349566A",2015 Aug,291.2
"402","Victoria","Takeaway food services","A3349566A",2015 Sep,296.2
"403","Victoria","Takeaway food services","A3349566A",2015 Oct,310.1
"404","Victoria","Takeaway food services","A3349566A",2015 Nov,318.7
"405","Victoria","Takeaway food services","A3349566A",2015 Dec,348.9
"406","Victoria","Takeaway food services","A3349566A",2016 Jan,300.8
"407","Victoria","Takeaway food services","A3349566A",2016 Feb,271.3
"408","Victoria","Takeaway food services","A3349566A",2016 Mar,306.9
"409","Victoria","Takeaway food services","A3349566A",2016 Apr,306
"410","Victoria","Takeaway food services","A3349566A",2016 May,303.3
"411","Victoria","Takeaway food services","A3349566A",2016 Jun,301.3
"412","Victoria","Takeaway food services","A3349566A",2016 Jul,324.8
"413","Victoria","Takeaway food services","A3349566A",2016 Aug,327.7
"414","Victoria","Takeaway food services","A3349566A",2016 Sep,344.7
"415","Victoria","Takeaway food services","A3349566A",2016 Oct,345.8
"416","Victoria","Takeaway food services","A3349566A",2016 Nov,342.7
"417","Victoria","Takeaway food services","A3349566A",2016 Dec,367.2
"418","Victoria","Takeaway food services","A3349566A",2017 Jan,326.3
"419","Victoria","Takeaway food services","A3349566A",2017 Feb,273.9
"420","Victoria","Takeaway food services","A3349566A",2017 Mar,326.9
"421","Victoria","Takeaway food services","A3349566A",2017 Apr,323.6
"422","Victoria","Takeaway food services","A3349566A",2017 May,311.2
"423","Victoria","Takeaway food services","A3349566A",2017 Jun,307.6
"424","Victoria","Takeaway food services","A3349566A",2017 Jul,316.4
"425","Victoria","Takeaway food services","A3349566A",2017 Aug,327.2
"426","Victoria","Takeaway food services","A3349566A",2017 Sep,328.3
"427","Victoria","Takeaway food services","A3349566A",2017 Oct,347.8
"428","Victoria","Takeaway food services","A3349566A",2017 Nov,349.7
"429","Victoria","Takeaway food services","A3349566A",2017 Dec,379.8
"430","Victoria","Takeaway food services","A3349566A",2018 Jan,325.2
"431","Victoria","Takeaway food services","A3349566A",2018 Feb,300.6
"432","Victoria","Takeaway food services","A3349566A",2018 Mar,330.4
"433","Victoria","Takeaway food services","A3349566A",2018 Apr,312.1
"434","Victoria","Takeaway food services","A3349566A",2018 May,319.8
"435","Victoria","Takeaway food services","A3349566A",2018 Jun,324.1
"436","Victoria","Takeaway food services","A3349566A",2018 Jul,349.4
"437","Victoria","Takeaway food services","A3349566A",2018 Aug,355.7
"438","Victoria","Takeaway food services","A3349566A",2018 Sep,356.9
"439","Victoria","Takeaway food services","A3349566A",2018 Oct,359.2
"440","Victoria","Takeaway food services","A3349566A",2018 Nov,354.9
"441","Victoria","Takeaway food services","A3349566A",2018 Dec,393.2
